time_avg_ms,time_std_ms,time_p95_ms,sequence_length,instance_type
202.0140671019908,1.5437170612177369,204.67331425170414,512,m1pro
