throughput_max,throughput_avg,time_avg_ms,time_std_ms,time_p95_ms,batch_size,instance_type
259.0,254.09032258064516,15.339891369750035,0.08779660805930611,15.421609199574958,1,inf1.xlarge
452.0,331.51054852320675,17.836798715024816,7.2591410725808325,31.462230799797908,2,inf1.xlarge
720.0,710.9638554216867,16.468923775502187,0.1166354785911848,16.623981050497605,3,inf1.xlarge
764.0,535.8767123287671,22.08718011289934,7.457353388500029,32.91159184991557,4,inf1.xlarge
985.0,970.1980198019802,20.112997034299884,0.3069783737158982,20.653973800199314,5,inf1.xlarge
